epoch,validation_training_mse,final_training_mse
1,0.10521057600011495,0.09753514447028157
2,0.027774295220361275,0.026013100072651636
3,0.02227116486695904,0.021540436491514
4,0.017382931688089635,0.015636373769640204
5,0.012274148209078314,0.012713546572596877
6,0.012138167217632329,0.012486145858606829
7,0.011845497895152338,0.011545952534206455
8,0.012125735792398852,0.011977409650723306
9,0.012169122338811943,0.011495200082417062
10,0.011783234214458935,0.011970998777752906
11,0.011952051736428037,0.012264450144728217
12,0.011458266394953138,0.011392853708108674
13,0.011657488278418834,0.011576764339489011
14,0.011375126927156892,0.011582088779177251
15,0.011470007737934117,0.01180598246151597
16,0.011356416347136748,0.011352970039042834
17,0.011506335835334773,0.011534414140662612
18,0.011569897288811403,0.01222039489985519
19,0.011743598401646243,0.011327743757767794
20,0.011680669928954748,0.011289678082607049
21,0.011592332200032142,0.01191904236965861
22,0.01122969666431299,0.01126080414839763
23,0.011350621412067753,0.011283708665524446
24,0.011721168692341064,0.011198914510987708
25,0.011460303816982906,0.01150655722418582
26,0.011832209513140065,0.011599651873740844
27,0.0114371770322867,0.011319020044045081
28,0.011381432234932574,0.011399277421871629
29,0.011420621133080105,0.011252178976804342
30,0.011419534391870385,0.011086529096087443
